<?xml version="1.0" encoding="UTF-8" ?>
<XMLDB PATH="mod/assign/submission/random/db" VERSION="20120601" COMMENT="XMLDB file for Moodle mod/assign/submission/random"
    xmlns:xsi="http://www.w3.org/2001/XMLSchema-instance"
    xsi:noNamespaceSchemaLocation="../../../../../lib/xmldb/xmldb.xsd"
>
  <TABLES>
    <TABLE NAME="assignsubmission_random" COMMENT="Info about random files for assignments">
      <FIELDS>
        <FIELD NAME="id" TYPE="int" LENGTH="10" NOTNULL="true" SEQUENCE="true" NEXT="assignment"/>
        <FIELD NAME="assignment" TYPE="int" LENGTH="10" NOTNULL="true" DEFAULT="0" SEQUENCE="false" PREVIOUS="id" NEXT="userid"/>
        <FIELD NAME="userid" TYPE="int" LENGTH="10" NOTNULL="true" DEFAULT="0" SEQUENCE="false" PREVIOUS="assignment" NEXT="file_assignment"/>
        <FIELD NAME="file_assignment" TYPE="text" LENGTH="small" NOTNULL="false" SEQUENCE="false" PREVIOUS="userid" NEXT="date_save"/>
        <FIELD NAME="date_save" TYPE="int" LENGTH="10" NOTNULL="true" DEFAULT="0" SEQUENCE="false" PREVIOUS="file_assignment"/>
      </FIELDS>
      <KEYS>
        <KEY NAME="primary" TYPE="primary" FIELDS="id" NEXT="assignment"/>
        <KEY NAME="assignment" TYPE="foreign" FIELDS="assignment" REFTABLE="assign_submission" REFFIELDS="id" PREVIOUS="primary" NEXT="userid"/>
        <KEY NAME="userid" TYPE="foreign" FIELDS="userid" REFTABLE="user" REFFIELDS="id" PREVIOUS="assignment"/>
      </KEYS>
    </TABLE>
  </TABLES>
</XMLDB>
